username,password,account_role,joined_date,avatar
23021664@vnu.edu.vn##@#@Phucngao123@##@#@0##@#@2025-01-14 10:04:34##@#@null
admin001##@#@Admin001##@#@0##@#@2024-12-11 14:46:25##@#@null
n@gmail.com##@#@$2a$10$n32QxmBWpzbMnmMm4rysFu50jDhZT/cNkNSj0MwahnMAX3VJS7v2W##@#@0##@#@2025-01-14 16:59:54##@#@null
nguyenphuc##@#@Nguyenphuc123.##@#@0##@#@2024-12-08 14:56:41##@#@null
nguyenphuc1##@#@Nguyenphuc123.##@#@0##@#@2024-12-11 12:52:58##@#@null
nguyenphucne##@#@Nguyenphucne123##@#@0##@#@2024-12-10 17:02:29##@#@null
nguyenvanphuc@gmail.com##@#@Phucngao123@##@#@0##@#@2025-01-14 16:57:52##@#@null
nvp##@#@nvp##@#@1##@#@2024-12-08 14:59:05##@#@null
nvp2##@#@nvp2##@#@1##@#@2024-12-11 13:33:37##@#@null
